"Post ID",Permalink,"Post Message",Type,Countries,Languages,Posted,"Audience Targeting","Content Tags","Lifetime Post Total Impressions","Lifetime Post Paid Impressions","Lifetime Post Organic Impressions","Lifetime Total Video Views","Lifetime Paid Video Views","Lifetime Organic Video Views","Lifetime Total 30-Second Views","Lifetime Paid 30-Second Views","Lifetime Organic 30-Second Views","Lifetime Total Views to 95%","Lifetime Paid views to 95%","Lifetime Organic views to 95%","Lifetime Post Total Reach","Lifetime Unique Video Views","Lifetime Unique 30-Second Views","Lifetime Unique Views to 95%","Lifetime Auto-Played Video Views","Lifetime Clicked-to-Play Video Views","Lifetime Auto-Played 30-Second Views","Lifetime Clicked-to-Play 30-Second Views","Lifetime Auto-Played views to 95%","Lifetime Clicked-to-Play views to 95%","Lifetime Percentage of viewers at each interval (video post) - 0","Lifetime Percentage of viewers at each interval (video post) - 1","Lifetime Percentage of viewers at each interval (video post) - 2","Lifetime Percentage of viewers at each interval (video post) - 3","Lifetime Percentage of viewers at each interval (video post) - 4","Lifetime Percentage of viewers at each interval (video post) - 5","Lifetime Percentage of viewers at each interval (video post) - 6","Lifetime Percentage of viewers at each interval (video post) - 7","Lifetime Percentage of viewers at each interval (video post) - 8","Lifetime Percentage of viewers at each interval (video post) - 9","Lifetime Percentage of viewers at each interval (video post) - 10","Lifetime Percentage of viewers at each interval (video post) - 11","Lifetime Percentage of viewers at each interval (video post) - 12","Lifetime Percentage of viewers at each interval (video post) - 13","Lifetime Percentage of viewers at each interval (video post) - 14","Lifetime Percentage of viewers at each interval (video post) - 15","Lifetime Percentage of viewers at each interval (video post) - 16","Lifetime Percentage of viewers at each interval (video post) - 17","Lifetime Percentage of viewers at each interval (video post) - 18","Lifetime Percentage of viewers at each interval (video post) - 19","Lifetime Percentage of viewers at each interval (video post) - 20","Lifetime Percentage of viewers at each interval (video post) - 21","Lifetime Percentage of viewers at each interval (video post) - 22","Lifetime Percentage of viewers at each interval (video post) - 23","Lifetime Percentage of viewers at each interval (video post) - 24","Lifetime Percentage of viewers at each interval (video post) - 25","Lifetime Percentage of viewers at each interval (video post) - 26","Lifetime Percentage of viewers at each interval (video post) - 27","Lifetime Percentage of viewers at each interval (video post) - 28","Lifetime Percentage of viewers at each interval (video post) - 29","Lifetime Percentage of viewers at each interval (video post) - 30","Lifetime Percentage of viewers at each interval (video post) - 31","Lifetime Percentage of viewers at each interval (video post) - 32","Lifetime Percentage of viewers at each interval (video post) - 33","Lifetime Percentage of viewers at each interval (video post) - 34","Lifetime Percentage of viewers at each interval (video post) - 35","Lifetime Percentage of viewers at each interval (video post) - 36","Lifetime Percentage of viewers at each interval (video post) - 37","Lifetime Percentage of viewers at each interval (video post) - 38","Lifetime Percentage of viewers at each interval (video post) - 39","Lifetime Percentage of viewers at each interval (video post) - 40","Lifetime Percentage of auto-played viewers at each interval (video post) - 0","Lifetime Percentage of auto-played viewers at each interval (video post) - 1","Lifetime Percentage of auto-played viewers at each interval (video post) - 2","Lifetime Percentage of auto-played viewers at each interval (video post) - 3","Lifetime Percentage of auto-played viewers at each interval (video post) - 4","Lifetime Percentage of auto-played viewers at each interval (video post) - 5","Lifetime Percentage of auto-played viewers at each interval (video post) - 6","Lifetime Percentage of auto-played viewers at each interval (video post) - 7","Lifetime Percentage of auto-played viewers at each interval (video post) - 8","Lifetime Percentage of auto-played viewers at each interval (video post) - 9","Lifetime Percentage of auto-played viewers at each interval (video post) - 10","Lifetime Percentage of auto-played viewers at each interval (video post) - 11","Lifetime Percentage of auto-played viewers at each interval (video post) - 12","Lifetime Percentage of auto-played viewers at each interval (video post) - 13","Lifetime Percentage of auto-played viewers at each interval (video post) - 14","Lifetime Percentage of auto-played viewers at each interval (video post) - 15","Lifetime Percentage of auto-played viewers at each interval (video post) - 16","Lifetime Percentage of auto-played viewers at each interval (video post) - 17","Lifetime Percentage of auto-played viewers at each interval (video post) - 18","Lifetime Percentage of auto-played viewers at each interval (video post) - 19","Lifetime Percentage of auto-played viewers at each interval (video post) - 20","Lifetime Percentage of auto-played viewers at each interval (video post) - 21","Lifetime Percentage of auto-played viewers at each interval (video post) - 22","Lifetime Percentage of auto-played viewers at each interval (video post) - 23","Lifetime Percentage of auto-played viewers at each interval (video post) - 24","Lifetime Percentage of auto-played viewers at each interval (video post) - 25","Lifetime Percentage of auto-played viewers at each interval (video post) - 26","Lifetime Percentage of auto-played viewers at each interval (video post) - 27","Lifetime Percentage of auto-played viewers at each interval (video post) - 28","Lifetime Percentage of auto-played viewers at each interval (video post) - 29","Lifetime Percentage of auto-played viewers at each interval (video post) - 30","Lifetime Percentage of auto-played viewers at each interval (video post) - 31","Lifetime Percentage of auto-played viewers at each interval (video post) - 32","Lifetime Percentage of auto-played viewers at each interval (video post) - 33","Lifetime Percentage of auto-played viewers at each interval (video post) - 34","Lifetime Percentage of auto-played viewers at each interval (video post) - 35","Lifetime Percentage of auto-played viewers at each interval (video post) - 36","Lifetime Percentage of auto-played viewers at each interval (video post) - 37","Lifetime Percentage of auto-played viewers at each interval (video post) - 38","Lifetime Percentage of auto-played viewers at each interval (video post) - 39","Lifetime Percentage of auto-played viewers at each interval (video post) - 40","Lifetime Percentage of viewers clicked-to-play at each interval (video post) - 0","Lifetime Percentage of viewers clicked-to-play at each interval (video post) - 1","Lifetime Percentage of viewers clicked-to-play at each interval (video post) - 2","Lifetime Percentage of viewers clicked-to-play at each interval (video post) - 3","Lifetime Percentage of viewers clicked-to-play at each interval (video post) - 4","Lifetime Percentage of viewers clicked-to-play at each interval (video post) - 5","Lifetime Percentage of viewers clicked-to-play at each interval (video post) - 6","Lifetime Percentage of viewers clicked-to-play at each interval (video post) - 7","Lifetime Percentage of viewers clicked-to-play at each interval (video post) - 8","Lifetime Percentage of viewers clicked-to-play at each interval (video post) - 9","Lifetime Percentage of viewers clicked-to-play at each interval (video post) - 10","Lifetime Percentage of viewers clicked-to-play at each interval (video post) - 11","Lifetime Percentage of viewers clicked-to-play at each interval (video post) - 12","Lifetime Percentage of viewers clicked-to-play at each interval (video post) - 13","Lifetime Percentage of viewers clicked-to-play at each interval (video post) - 14","Lifetime Percentage of viewers clicked-to-play at each interval (video post) - 15","Lifetime Percentage of viewers clicked-to-play at each interval (video post) - 16","Lifetime Percentage of viewers clicked-to-play at each interval (video post) - 17","Lifetime Percentage of viewers clicked-to-play at each interval (video post) - 18","Lifetime Percentage of viewers clicked-to-play at each interval (video post) - 19","Lifetime Percentage of viewers clicked-to-play at each interval (video post) - 20","Lifetime Percentage of viewers clicked-to-play at each interval (video post) - 21","Lifetime Percentage of viewers clicked-to-play at each interval (video post) - 22","Lifetime Percentage of viewers clicked-to-play at each interval (video post) - 23","Lifetime Percentage of viewers clicked-to-play at each interval (video post) - 24","Lifetime Percentage of viewers clicked-to-play at each interval (video post) - 25","Lifetime Percentage of viewers clicked-to-play at each interval (video post) - 26","Lifetime Percentage of viewers clicked-to-play at each interval (video post) - 27","Lifetime Percentage of viewers clicked-to-play at each interval (video post) - 28","Lifetime Percentage of viewers clicked-to-play at each interval (video post) - 29","Lifetime Percentage of viewers clicked-to-play at each interval (video post) - 30","Lifetime Percentage of viewers clicked-to-play at each interval (video post) - 31","Lifetime Percentage of viewers clicked-to-play at each interval (video post) - 32","Lifetime Percentage of viewers clicked-to-play at each interval (video post) - 33","Lifetime Percentage of viewers clicked-to-play at each interval (video post) - 34","Lifetime Percentage of viewers clicked-to-play at each interval (video post) - 35","Lifetime Percentage of viewers clicked-to-play at each interval (video post) - 36","Lifetime Percentage of viewers clicked-to-play at each interval (video post) - 37","Lifetime Percentage of viewers clicked-to-play at each interval (video post) - 38","Lifetime Percentage of viewers clicked-to-play at each interval (video post) - 39","Lifetime Percentage of viewers clicked-to-play at each interval (video post) - 40","Lifetime Post Consumptions by type - link clicks","Lifetime Post Consumptions by type - other clicks","Lifetime Post Consumptions by type - video play","Lifetime Post consumers by type - link clicks","Lifetime Post consumers by type - other clicks","Lifetime Post consumers by type - video play","Lifetime Post Stories by action type - comment","Lifetime Post Stories by action type - like","Lifetime Post Stories by action type - share","Lifetime Talking About This (Post) by action type - comment","Lifetime Talking About This (Post) by action type - like","Lifetime Talking About This (Post) by action type - share","Lifetime Negative Feedback from Users by Type - hide_clicks","Lifetime Negative feedback - hide_clicks"
,,,,,,,,,"Lifetime: The number of impressions of your Page post. (Total Count)","Lifetime: The number of impressions of your Page post in an Ad or Sponsored Story. (Total Count)","Lifetime: The number of impressions of your post in News Feed or ticker or on your Page's Timeline. (Total Count)","Lifetime: Total number of times your video was viewed for more than 3 seconds. (Total Count)","Lifetime: Number of times your video was viewed more than 3 seconds after paid promotion. (Total Count)","Lifetime: Number of times your video was viewed for more than 3 seconds without any paid promotion. (Total Count)","Lifetime: Total number of times your video was viewed for 30 seconds or viewed to the end, whichever came first. (Total Count)","Lifetime: Number of times your video was viewed for 30 seconds or viewed to the end, whichever came first, after a paid promotion. (Total Count)","Lifetime: Number of times your video was viewed for 30 seconds or viewed to the end, whichever came first, without a paid promotion. (Total Count)","Lifetime: Total number of times your video was viewed to 95% of its length. (Total Count)","Lifetime: Number of times your video was viewed to 95% of its length after paid promotion. (Total Count)","Lifetime: Number of times your video was viewed to 95% of its length without any paid promotion. (Total Count)","Lifetime: The total number of people your Page post was served to. (Unique Users)","Lifetime: Number of unique people who viewed your video for more than 3 seconds. (Unique Users)","Lifetime: Number of unique people who viewed your video for 30 seconds or to the end, whichever came first. (Unique Users)","Lifetime: Number of unique people who viewed your video to 95% of its length. (Unique Users)","Lifetime: Number of times your video started automatically playing and people viewed it for more than 3 seconds. (Total Count)","Lifetime: Number of times people clicked to play your video and viewed it more than 3 seconds. (Total Count)","Lifetime: Number of times your video started automatically playing and people viewed it for 30 seconds or to the end, whichever came first. (Total Count)","Lifetime: Number of times people clicked to play your video and viewed it for 30 seconds or to the end, whichever came first. (Total Count)","Lifetime: Number of times your video started automatically playing and people viewed it to 95% of its length. (Total Count)","Lifetime: Number of times people clicked to play your video and viewed it to 95% of its length. (Total Count)","Lifetime: Views of your video at each moment as a percentage of all views, including views shorter than 3 seconds. (video post) (Total Count)",,,,,,,,,,,,,,,,,,,,,,,,,,,,,,,,,,,,,,,,,"Lifetime: Auto-played views of your video at each moment as a percentage of all views, including views shorter than 3 seconds. (video post) (Total Count)",,,,,,,,,,,,,,,,,,,,,,,,,,,,,,,,,,,,,,,,,"Lifetime: Clicked-to-play views of your video at each moment as a percentage of all views, including views shorter than 3 seconds. (video post) (Total Count)",,,,,,,,,,,,,,,,,,,,,,,,,,,,,,,,,,,,,,,,,"Lifetime: The number of clicks anywhere in your post, by type. (Total Count)",,,"Lifetime: The number of people who clicked anywhere in your post, by type. (Unique Users)",,,"Lifetime: The number of stories created about your Page post, by action type. (Total Count)",,,"Lifetime: The number of unique people who created a story about your Page post by interacting with it. (Unique Users)",,,"Lifetime: The number of times people have given negative feedback to your post, by type. (Total Count)","Lifetime: The number of people who have given negative feedback to your post, by type. (Unique Users)"
518995791497187_880619595334803,https://www.facebook.com/VisualizationStudio/videos/880619595334803/,"Retro Augmented Reality for you from invadAR, a project of the advanced graphics and interaction students with sponsorship from Visualization Studio VIC and Epson. For more information, please visit: 
http://www.student.nada.kth.se/.../AGI14/Project2/invadAR/",Video,,,"12/11/2014 02:27:02 PM"," "," ",1776,0,1776,252,0,252,81,0,81,32,0,32,696,214,77,30,228,24,67,14,27,5,1,0.8298,0.739,0.6769,0.6453,0.6137,0.6045,0.5698,0.5443,0.526,0.4985,0.4485,0.4302,0.421,0.4047,0.3904,0.3741,0.3649,0.3405,0.3242,0.3058,0.2559,0.2436,0.2263,0.208,0.1978,0.1957,0.1804,0.1651,0.1539,0.1417,0.1193,0.1111,0.107,0.0928,0.0887,0.0887,0.0765,0.0591,0.0316,0.0285,1,0.8203,0.7316,0.6695,0.6353,0.6053,0.5968,0.5658,0.538,0.5166,0.492,0.4396,0.4203,0.4107,0.3936,0.3797,0.3668,0.3604,0.3358,0.3187,0.2995,0.246,0.2321,0.2118,0.1925,0.1829,0.1807,0.1647,0.1519,0.1401,0.1294,0.1048,0.0984,0.0963,0.0834,0.0791,0.0802,0.0717,0.0567,0.0289,0.0257,0.9787,1,0.8723,0.8085,0.8298,0.766,0.7447,0.6383,0.6596,0.7021,0.617,0.617,0.617,0.617,0.617,0.5957,0.5106,0.4468,0.4255,0.4255,0.4255,0.4468,0.4681,0.5106,0.5106,0.4894,0.4894,0.4894,0.4255,0.4255,0.383,0.4043,0.3617,0.3191,0.2766,0.2766,0.2553,0.1702,0.1064,0.0851,0.0851,3,62,33,2,30,26,1,10,2,1,10,1,,
518995791497187_875705372492892,https://www.facebook.com/VisualizationStudio/videos/875705372492892/,"In this video, we show five views of the same 3D environment from different perspectives. Two people are wearing Epson Moverio BT-200s, one person is using a tablet, one person is using a laptop, and an entire group is viewing a 184-inch screen in 4K resolution. The Epson Moverios and the tablet have augmented reality, first-person perspectives of the action. This is a sample of the three surprise projects we will share at our Open House this Friday afternoon.

https://www.facebook.com/events/837945829571698/
Just another day",Video,,,"12/02/2014 07:38:56 AM"," "," ",13498,0,13498,2283,0,2283,840,0,840,574,0,574,5176,1972,776,540,2087,196,664,176,422,152,1,0.8126,0.7095,0.6548,0.6028,0.5648,0.5262,0.5053,0.4925,0.4796,0.4611,0.4468,0.443,0.4297,0.4197,0.4095,0.3975,0.3873,0.3709,0.3585,0.3358,0.3152,0.2952,0.2784,0.2421,0.229,0.2213,0.2066,0.1953,0.1898,0.1822,0.175,0.1624,0.1603,0.1484,0.1364,0.1346,0.1251,0.1145,0.1029,0.0874,1,0.8027,0.6963,0.6413,0.5885,0.5493,0.5111,0.4897,0.4756,0.4628,0.4444,0.4294,0.4249,0.4118,0.4014,0.3909,0.3784,0.3683,0.3512,0.3376,0.3147,0.2931,0.273,0.2561,0.2185,0.2052,0.1971,0.1825,0.1725,0.1666,0.1594,0.1518,0.1393,0.137,0.1257,0.1137,0.1126,0.103,0.0928,0.0809,0.0653,0.9794,1,0.9691,0.921,0.8866,0.8729,0.8282,0.8179,0.8316,0.8179,0.7973,0.7973,0.8076,0.7904,0.7904,0.7869,0.7835,0.7732,0.7698,0.7835,0.7663,0.7663,0.7491,0.7354,0.7251,0.7148,0.7182,0.701,0.6632,0.6667,0.6495,0.6529,0.6357,0.6392,0.6151,0.6014,0.5876,0.5808,0.5601,0.5567,0.543,,625,240,,384,210,3,25,33,2,20,7,,
518995791497187_920749911321771,https://www.facebook.com/VisualizationStudio/videos/920749911321771/,"Our intrepid studio director Björn Thuresson is a guest at the next Crosstalks - Game On: how gaming defines our culture and vice versa. Live on February 19, 18:00 at Stockholm University, Kista Campus, Nod Building, Aula NOD, Borgarfjordsgatan 12. We're excited to see the talk!

http://crosstalks.tv/talk/games/",Video,,,"02/16/2015 04:55:38 AM"," "," ",2533,0,2533,302,0,302,57,0,57,42,0,42,876,262,53,40,289,13,52,5,39,3,1,0.797,0.5913,0.4823,0.4196,0.3856,0.3638,0.3283,0.2997,0.2847,0.2629,0.2466,0.2398,0.2262,0.2084,0.1962,0.1935,0.1975,0.1757,0.1649,0.1512,0.1431,0.1349,0.1267,0.124,0.1185,0.1131,0.1063,0.0995,0.0981,0.0926,0.0913,0.0913,0.0872,0.0831,0.079,0.0708,0.0668,0.0586,0.0586,0.0559,1,0.7873,0.5803,0.469,0.4042,0.3704,0.3479,0.3113,0.2831,0.269,0.2465,0.231,0.2239,0.2099,0.1915,0.1803,0.1775,0.1803,0.1606,0.1493,0.1394,0.1296,0.1239,0.1155,0.1127,0.107,0.1042,0.0958,0.0915,0.0901,0.0845,0.0831,0.0817,0.0775,0.0732,0.069,0.0662,0.0606,0.0563,0.0549,0.0535,0.9231,1,0.8462,0.8077,0.8077,0.7692,0.7692,0.7692,0.7308,0.6923,0.6923,0.6538,0.6538,0.6538,0.6538,0.6154,0.6154,0.6538,0.5769,0.5769,0.4615,0.5,0.4231,0.4231,0.4231,0.4231,0.3462,0.3846,0.3077,0.3077,0.3077,0.3077,0.3462,0.3462,0.3462,0.3462,0.1923,0.2308,0.1154,0.1538,0.1154,2,35,29,2,22,24,1,14,3,1,11,3,,
518995791497187_882394618490634,https://www.facebook.com/VisualizationStudio/videos/882394618490634/,"What Advanced Graphics and Interaction in the Visualization Studio VIC is like. Have a wonderful week!",Video,,,"12/15/2014 12:48:25 AM"," "," ",2529,0,2529,363,0,363,130,0,130,46,0,46,942,291,113,43,321,42,96,34,32,14,1,0.6209,0.5029,0.4674,0.4395,0.406,0.3954,0.3781,0.3618,0.3599,0.333,0.3186,0.3081,0.3071,0.2956,0.2793,0.2601,0.2534,0.2399,0.2313,0.2054,0.1996,0.1871,0.1756,0.1737,0.1516,0.1468,0.1411,0.1286,0.1132,0.1056,0.094,0.0931,0.0777,0.0749,0.0681,0.0624,0.0537,0.0461,0.0461,0.0365,1,0.5491,0.4231,0.3815,0.3526,0.3214,0.3121,0.2902,0.2751,0.2728,0.2509,0.2324,0.2266,0.2231,0.2116,0.2046,0.1861,0.1792,0.1711,0.1642,0.1445,0.1422,0.1318,0.1249,0.1249,0.1064,0.1075,0.1029,0.0925,0.0786,0.0717,0.0624,0.0659,0.0566,0.0566,0.0474,0.0462,0.0451,0.0382,0.0382,0.0324,1,0.9718,0.8927,0.887,0.8644,0.8192,0.8023,0.8079,0.7853,0.7853,0.7345,0.7401,0.7062,0.7175,0.7062,0.6441,0.6215,0.6158,0.5763,0.5593,0.5028,0.4802,0.4576,0.4237,0.4124,0.3729,0.339,0.3277,0.3051,0.2825,0.2712,0.2486,0.226,0.1808,0.1638,0.1695,0.1412,0.096,0.0847,0.0847,0.0565,,84,53,,56,40,2,21,3,2,19,2,,
518995791497187_914224891974273,https://www.facebook.com/VisualizationStudio/videos/914224891974273/,"Visualization Studio VIC friend, Carl Unander-Scharin performing his opera and defending his PhD thesis at KTH Royal Institute of Technology.

Title: Extending Opera - Artist-led Explorations in Operatic Practice through Interactivity and Electronics

Abstract: 
How can we re-empower opera singers, extending their control over accompaniment and vocal expressivity? To answer this question, I have opened a novel design space, Extending Opera, consisting of interactive artist–operated tools to be used on-stage.

To read more: 
http://kth.diva-portal.org/smash/get/diva2:781856/FULLTEXT01.pdf",Video,,,"02/04/2015 03:01:19 PM"," "," ",6413,0,6413,910,0,910,227,0,227,139,0,139,2418,746,197,118,833,77,177,50,106,33,1,0.7024,0.5384,0.445,0.3914,0.3649,0.3553,0.3242,0.3022,0.286,0.2756,0.2619,0.259,0.2416,0.2213,0.2046,0.1968,0.1889,0.1905,0.1739,0.1677,0.1611,0.1532,0.1461,0.1428,0.1303,0.1216,0.1196,0.1137,0.1079,0.1013,0.0934,0.088,0.0868,0.0805,0.0793,0.0735,0.0722,0.061,0.0573,0.0527,1,0.6816,0.5127,0.4162,0.3606,0.3335,0.3215,0.2899,0.2672,0.2517,0.2419,0.2268,0.2232,0.2076,0.193,0.1756,0.1699,0.1614,0.1601,0.1467,0.1423,0.1378,0.1307,0.1241,0.1214,0.1103,0.1023,0.1005,0.0947,0.0907,0.0854,0.0805,0.0756,0.0751,0.0689,0.0676,0.0618,0.0609,0.0494,0.0467,0.0431,1,0.9938,0.9,0.85,0.825,0.8063,0.8313,0.8063,0.7938,0.7688,0.75,0.7563,0.7625,0.7188,0.6188,0.6125,0.575,0.575,0.6188,0.5563,0.525,0.4875,0.4688,0.4563,0.4438,0.4125,0.3938,0.3875,0.3813,0.35,0.325,0.275,0.2625,0.25,0.2438,0.2438,0.2375,0.2313,0.225,0.2063,0.1875,2,252,107,2,154,87,3,23,8,3,18,1,,
518995791497187_893000057430090,https://www.facebook.com/VisualizationStudio/videos/893000057430090/,"The twelve 2014 highlights of VIC: on the seventh day of highlights the Artist sketched in 3D - these are the first few minutes of Konstfack artist Tove Kjellmark interacting with Flying Colors without prior training. Happy 2015!

We are releasing  Flying Colors 3D this Friday. Like us at facebook.com/FlyingColors3D !

http://www.cawards.se/project/flying-colors/",Video,,,"12/31/2014 05:48:30 AM"," "," ",1308,0,1308,156,0,156,42,0,42,46,0,46,547,133,34,38,133,23,28,14,28,18,1,0.8848,0.6874,0.551,0.4543,0.4199,0.3801,0.3603,0.3364,0.3166,0.2821,0.2689,0.253,0.2437,0.2331,0.2079,0.1907,0.1629,0.143,0.1298,0.1311,0.1272,0.1126,0.0993,0.094,0.0874,0.0834,0.0861,0.0781,0.0742,0.0715,0.0715,0.0662,,,,,,,,,1,0.8701,0.6634,0.5251,0.4288,0.3939,0.3547,0.3338,0.3142,0.2961,0.2612,0.243,0.2304,0.2249,0.2123,0.1885,0.1704,0.1383,0.1215,0.1089,0.1089,0.102,0.0908,0.0768,0.0698,0.0642,0.0601,0.0615,0.0545,0.0503,0.0461,0.0461,0.0461,,,,,,,,,0.8667,1,0.9778,0.8889,0.8,0.7778,0.7333,0.7333,0.6444,0.6,0.5778,0.6444,0.5778,0.5111,0.5333,0.4889,0.4889,0.5333,0.4667,0.4444,0.4667,0.5111,0.4444,0.4444,0.4667,0.4444,0.4444,0.4667,0.4444,0.4444,0.4667,0.4667,0.3778,,,,,,,,,,32,32,,22,22,9,8,2,4,6,1,,
518995791497187_895431157186980,https://www.facebook.com/VisualizationStudio/videos/895431157186980/,"The twelve 2014 highlights of VIC: on the tenth day of highlights a pianist played a tree - Music Tree, a branching visualization of music from our students in the Information Visualization course, competed and was nominated at the C Awards. 

http://www.cawards.se/project/music-tree/",Video,,,"01/03/2015 11:41:26 AM"," "," ",3923,0,3923,507,0,507,182,0,182,187,0,187,1619,441,167,170,461,46,144,38,150,37,1,0.7565,0.5723,0.5094,0.4735,0.4322,0.3801,0.3504,0.3342,0.3154,0.2965,0.2776,0.2704,0.2498,0.2336,0.2273,0.2165,0.2049,0.1977,0.1896,0.186,,,,,,,,,,,,,,,,,,,,,1,0.7346,0.5405,0.4759,0.4382,0.3977,0.3475,0.3156,0.2973,0.279,0.2597,0.2403,0.2336,0.2124,0.1969,0.1911,0.1824,0.1728,0.166,0.1583,0.1535,,,,,,,,,,,,,,,,,,,,,0.9506,1,0.9506,0.9136,0.9012,0.8519,0.7778,0.7778,0.7901,0.7654,0.7531,0.7407,0.7284,0.716,0.6914,0.679,0.642,0.6049,0.5926,0.5802,0.5926,,,,,,,,,,,,,,,,,,,,,4,119,59,4,71,50,2,13,8,1,12,5,1,1
518995791497187_888262487903847,https://www.facebook.com/VisualizationStudio/videos/888262487903847/,"The twelve 2014 highlights of VIC: on the first day of highlights a Rockstar ran away - a project in our Game Design course. Enjoy the holidays! 

http://www.csc.kth.se/~peternyc/rockstar/",Video,,,"12/25/2014 11:06:20 AM"," "," ",3898,0,3898,344,0,344,108,0,108,35,0,35,1262,277,98,33,325,19,93,15,26,9,1,0.3454,0.2366,0.2098,0.1857,0.1744,0.158,0.1511,0.139,0.1313,0.1226,0.1174,0.1054,0.101,0.095,0.0924,0.0898,0.0898,0.0855,0.076,0.0725,0.0682,0.0665,0.0587,0.0596,0.0544,0.0561,0.0553,0.0492,0.0415,0.0406,0.038,0.0354,0.0363,0.0345,0.0328,0.0311,0.032,0.0311,0.0294,0.0242,1,0.3212,0.2138,0.1847,0.1601,0.1483,0.1338,0.1274,0.1146,0.1065,0.0992,0.0955,0.0828,0.0783,0.0737,0.0728,0.0701,0.0701,0.0664,0.0601,0.0564,0.0519,0.0491,0.0419,0.0446,0.0409,0.0419,0.0409,0.0373,0.0318,0.0318,0.0291,0.0273,0.0273,0.0255,0.0246,0.0237,0.0246,0.0237,0.0218,0.0191,1,0.7966,0.661,0.678,0.661,0.661,0.6102,0.5932,0.5932,0.5932,0.5593,0.5254,0.5254,0.5254,0.4915,0.4576,0.4576,0.4576,0.4407,0.3729,0.3729,0.3729,0.3898,0.3729,0.339,0.3051,0.322,0.322,0.2712,0.2203,0.2034,0.2034,0.1864,0.2034,0.2034,0.1864,0.1695,0.1695,0.1695,0.1695,0.1186,6,55,29,5,35,28,1,7,5,1,6,1,,
518995791497187_891392550924174,https://www.facebook.com/VisualizationStudio/videos/891392550924174/,"The twelve 2014 highlights of VIC: on the fifth day of highlights our studio opened its house - advanced graphics and interaction students hosted the most successful Open House ever.",Video,,,"12/29/2014 12:08:52 PM"," "," ",2956,0,2956,346,0,346,82,0,82,86,0,86,1089,277,68,70,313,33,61,21,64,22,1,0.8492,0.6676,0.5695,0.4905,0.4656,0.4319,0.4056,0.3939,0.3499,0.3206,0.3133,0.3001,0.2753,0.265,0.2533,0.2401,0.2269,0.2225,0.2108,0.2035,0.1962,0.1903,0.1859,0.183,0.1816,0.1728,0.1654,0.1537,0.1537,0.1376,0.1288,0.1245,,,,,,,,,1,0.836,0.6415,0.5338,0.455,0.4309,0.3987,0.3714,0.3569,0.3119,0.283,0.2733,0.2621,0.2412,0.2299,0.2203,0.2074,0.1929,0.1865,0.1752,0.1672,0.1608,0.1543,0.1511,0.1495,0.1495,0.1399,0.135,0.1222,0.1238,0.1077,0.0997,0.0965,,,,,,,,,1,0.9836,0.9344,0.9344,0.8525,0.8197,0.7705,0.7541,0.7705,0.7377,0.7049,0.7213,0.6885,0.623,0.623,0.5902,0.5738,0.5738,0.5902,0.5738,0.5738,0.5574,0.5574,0.541,0.5246,0.5082,0.5082,0.4754,0.4754,0.459,0.4426,0.4262,0.4098,,,,,,,,,,84,54,,31,41,6,16,5,5,12,2,,
518995791497187_892465904150172,https://www.facebook.com/VisualizationStudio/videos/892465904150172/,"The twelve 2014 highlights of VIC: on the sixth day of highlights we saw a VR molecule - our students in Scientific Visualization created an Oculus-driven virtual-reality molecule visualization. Happy New Year!",Video,,,"12/30/2014 09:50:27 AM"," "," ",1976,0,1976,269,0,269,67,0,67,72,0,72,734,238,63,66,258,11,58,9,63,9,1,0.8499,0.6984,0.636,0.5513,0.5097,0.4547,0.4264,0.3863,0.367,0.3269,0.3016,0.2764,0.2675,0.2437,0.2288,0.2273,0.2065,0.1947,0.1783,0.1724,0.1634,0.159,0.1129,0.104,,,,,,,,,,,,,,,,,1,0.8418,0.6851,0.6221,0.5346,0.4946,0.4424,0.4117,0.3733,0.3564,0.3149,0.2919,0.2657,0.2519,0.2335,0.2166,0.2151,0.1935,0.1843,0.1674,0.1613,0.1521,0.1475,0.0998,0.0922,,,,,,,,,,,,,,,,,0.9167,1,1,0.9583,0.9583,0.875,0.75,0.7917,0.7083,0.625,0.625,0.5417,0.5417,0.6667,0.5,0.5417,0.5417,0.5417,0.4583,0.4583,0.4583,0.4583,0.4583,0.4583,0.4167,,,,,,,,,,,,,,,,,,53,15,,29,14,5,11,2,2,10,2,1,1
518995791497187_889794354417327,https://www.facebook.com/VisualizationStudio/videos/889794354417327/,"The twelve 2014 highlights of VIC: on the third day of highlights a space walker (almost) made it home - in Thrust Yourself, a project in our Advanced Graphics and Interaction course.

http://www.student.nada.kth.se/~etoh/ThrustYourself/ Enjoy the holidays!",Video,,,"12/27/2014 01:53:32 PM"," "," ",5291,0,5291,595,0,595,179,0,179,170,0,170,1858,511,170,162,532,63,133,46,126,44,1,0.8459,0.6925,0.6508,0.5683,0.5286,0.5184,0.4727,0.4619,0.4409,0.383,0.3709,0.3085,0.3081,0.2763,0.2566,0.2553,0.2309,0.2142,0.2102,0.183,0.1764,0.1505,0.1439,0.139,0.1284,0.1298,0.1202,0.1041,0.1041,0.0887,0.0877,0.0772,0.0641,0.0604,0.0575,0.0535,,,,,1,0.8376,0.6793,0.639,0.5554,0.5138,0.5028,0.4556,0.4453,0.4236,0.3644,0.3579,0.2946,0.2915,0.2636,0.2436,0.2409,0.2168,0.201,0.1982,0.1686,0.1635,0.138,0.1321,0.1284,0.1173,0.1184,0.1087,0.0915,0.0915,0.076,0.075,0.0637,0.0513,0.0471,0.0451,0.042,,,,,0.9787,1,0.9504,0.8794,0.8227,0.8227,0.8298,0.8156,0.7943,0.7872,0.7589,0.6312,0.5887,0.6454,0.5319,0.5177,0.5461,0.5177,0.4823,0.4539,0.4752,0.4397,0.4043,0.383,0.3546,0.3546,0.3617,0.3546,0.3617,0.3617,0.3475,0.3475,0.3546,0.3262,0.3333,0.3121,0.2908,,,,,6,109,85,6,77,78,,4,8,,3,2,,
518995791497187_890532674343495,https://www.facebook.com/VisualizationStudio/videos/890532674343495/,"The twelve 2014 highlights of VIC: on the fourth day of highlights a blind defender kicked some Soundsteroids - a Kinect-driven, gesture-based, eyes-free, sound-localized game created by our students in Multimodal Interaction and Interfaces.

http://blog.klava.se/assets/posts/sonic-attack/project-report.pdf",Video,,,"12/28/2014 08:03:55 AM"," "," ",6723,0,6723,910,0,910,340,0,340,220,0,220,2364,782,320,198,837,73,281,59,184,36,1,0.7678,0.62,0.5391,0.4911,0.4704,0.4496,0.4172,0.3952,0.3722,0.3666,0.3511,0.3398,0.332,0.3186,0.3091,0.2901,0.281,0.2711,0.2624,0.2564,0.246,0.2378,0.23,0.2175,0.2032,0.1997,0.1751,0.1803,0.1535,0.1505,0.1401,0.131,0.1275,0.1176,0.1211,0.1115,0.1055,0.1003,0.0951,0.0908,1,0.7549,0.6005,0.5149,0.465,0.4421,0.4219,0.3885,0.3674,0.3431,0.3385,0.3225,0.311,0.3033,0.2891,0.2794,0.2634,0.2519,0.2455,0.2387,0.2322,0.224,0.2144,0.208,0.1956,0.1814,0.1796,0.1548,0.1612,0.1374,0.1338,0.1237,0.1164,0.1127,0.104,0.1086,0.0989,0.0939,0.0889,0.0834,0.0788,1,0.9846,0.9462,0.9462,0.9308,0.9462,0.9154,0.9,0.8615,0.8615,0.8385,0.8308,0.8231,0.8154,0.8154,0.8077,0.7385,0.7692,0.7,0.6615,0.6615,0.6154,0.6308,0.6,0.5846,0.5692,0.5385,0.5154,0.5,0.4231,0.4308,0.4154,0.3769,0.3769,0.3462,0.3308,0.3231,0.3,0.2923,0.2923,0.2923,7,248,81,6,153,70,11,15,11,5,10,4,1,1
518995791497187_896376570425772,https://www.facebook.com/VisualizationStudio/videos/896376570425772/,"The twelve 2014 highlights of VIC: on the eleventh day of highlights two contestants battled over pinball - Pinball Battle is a student project in our game design course.

http://students.washington.edu/toreh/pinballBattle/index.html",Video,,,"01/04/2015 12:34:56 PM"," "," ",1731,0,1731,220,0,220,61,0,61,65,0,65,591,193,57,61,209,11,53,8,57,8,1,0.7793,0.6024,0.4791,0.4414,0.3857,0.3559,0.33,0.3082,0.2962,0.2664,0.2525,0.2425,0.2425,0.2227,0.2127,0.1988,0.1769,0.169,0.169,0.1531,0.1451,0.1412,0.1312,0.1272,,,,,,,,,,,,,,,,,1,0.7643,0.582,0.457,0.418,0.3648,0.3361,0.3115,0.291,0.2787,0.248,0.2377,0.2254,0.2254,0.2049,0.1967,0.1824,0.1598,0.1537,0.1537,0.1393,0.1311,0.127,0.1189,0.1148,,,,,,,,,,,,,,,,,0.7895,1,1,0.9474,0.9474,0.8421,0.7895,0.7368,0.6842,0.6842,0.6842,0.5789,0.6316,0.6316,0.6316,0.5789,0.5789,0.5789,0.5263,0.5263,0.4737,0.4737,0.4737,0.4211,0.4211,,,,,,,,,,,,,,,,,1,22,18,1,13,15,,5,1,,5,1,1,1
518995791497187_894583713938391,https://www.facebook.com/VisualizationStudio/videos/894583713938391/,"The twelve 2014 highlights of VIC: on the ninth day of highlights two players played one Pac - 2Pacs is a student project in advanced graphics and interaction. Enjoy the first weekend of 2015!

http://www.csc.kth.se/~ludwigpe/agi14/2pacs/",Video,,,"01/02/2015 05:24:25 AM"," "," ",1776,0,1776,249,0,249,106,0,106,112,0,112,688,210,93,99,228,21,89,17,95,17,1,0.842,0.6936,0.5915,0.5472,0.447,0.3931,0.3661,0.3622,0.3141,0.2871,0.2775,0.2794,0.2601,0.2486,0.2293,0.2177,,,,,,,,,,,,,,,,,,,,,,,,,1,0.827,0.674,0.5694,0.5252,0.4225,0.3682,0.3421,0.338,0.2877,0.2596,0.2495,0.2515,0.2314,0.2193,0.2032,0.1911,,,,,,,,,,,,,,,,,,,,,,,,,0.8462,1,0.9615,0.9231,0.8846,0.8462,0.8077,0.7692,0.7692,0.7692,0.7692,0.7692,0.7692,0.7692,0.7692,0.6923,0.6923,,,,,,,,,,,,,,,,,,,,,,,,,1,32,26,1,23,19,,5,1,,3,1,,
518995791497187_921705234559572,https://www.facebook.com/VisualizationStudio/videos/921705234559572/,"Your formal invitation to explore the Visualization Studio VIC from director Björn Thuresson. What are you waiting for!?",Video,,,"02/17/2015 11:47:50 PM"," "," ",18139,0,18139,2115,0,2115,789,0,789,681,0,681,6716,1820,713,631,1887,228,588,201,482,199,1,0.6953,0.5326,0.4574,0.4177,0.3836,0.3636,0.3396,0.3249,0.3035,0.2954,0.2776,0.2723,0.2588,0.253,0.2438,0.2423,0.2362,0.229,0.229,0.2181,0.2151,0.2023,0.2002,0.1871,0.1871,0.176,0.1746,0.162,0.1601,0.1514,0.1526,0.1446,0.1417,0.1386,0.1307,0.13,0.1109,0.1093,0.1067,0.1001,1,0.6776,0.5112,0.4343,0.3946,0.3601,0.3396,0.3149,0.3008,0.279,0.2715,0.2527,0.2473,0.234,0.2281,0.2188,0.2175,0.2109,0.2029,0.2021,0.1906,0.1881,0.176,0.1739,0.1603,0.1606,0.1487,0.1472,0.1341,0.1326,0.1235,0.124,0.1163,0.1141,0.1109,0.1033,0.1027,0.082,0.0802,0.0779,0.0738,0.9425,1,0.9201,0.8818,0.8435,0.8211,0.8115,0.8019,0.7764,0.7636,0.7444,0.7476,0.7444,0.7284,0.7252,0.7188,0.7125,0.7157,0.7252,0.7412,0.7412,0.7284,0.7029,0.7029,0.6997,0.6933,0.6997,0.6997,0.6965,0.6869,0.6869,0.7029,0.6901,0.6709,0.6709,0.6581,0.655,0.6677,0.6709,0.6613,0.607,,571,336,,360,283,9,84,54,9,72,19,1,1
518995791497187_873545812708848,https://www.facebook.com/VisualizationStudio/videos/873545812708848/,"Augmented Reality on a 4K - four-meter screen!
We have a camera, a printed marker called a Fiducial, some simple computer vision tracking the marker, and 3D graphics registered on it so that the physical sheet of paper is augmented with the 3D graphics and we are projecting this on the studio wall of 10-square meters and 10 million pixels. Just another day at VIC.",Video,,,"11/28/2014 05:36:17 AM"," "," ",9533,0,9533,1684,0,1684,692,0,692,560,0,560,3774,1495,635,513,1532,152,551,141,429,131,1,0.8881,0.7806,0.7315,0.6946,0.6449,0.6224,0.606,0.5801,0.544,0.5344,0.5149,0.4873,0.4805,0.4734,0.4494,0.439,0.4401,0.4214,0.4061,0.4004,0.3689,0.3519,0.3488,0.336,0.319,0.3116,0.2967,0.2509,0.2398,0.2387,0.2147,0.2063,0.1995,0.1791,0.1682,0.1635,0.1529,0.1119,0.1073,0.1036,1,0.8764,0.7636,0.7134,0.6762,0.6243,0.6,0.5845,0.5573,0.5201,0.5113,0.4917,0.4639,0.4582,0.4501,0.4253,0.4153,0.4161,0.398,0.382,0.3765,0.3446,0.3277,0.3238,0.3103,0.293,0.2858,0.2715,0.2233,0.2125,0.2114,0.1873,0.179,0.1732,0.1551,0.1442,0.1395,0.1303,0.0911,0.0866,0.0831,0.9683,1,0.9585,0.9244,0.8927,0.8707,0.8707,0.8439,0.8341,0.8122,0.7927,0.7756,0.7512,0.7317,0.7366,0.722,0.7073,0.7122,0.6878,0.6805,0.6732,0.6463,0.6293,0.6366,0.6317,0.6195,0.6098,0.5878,0.5732,0.5585,0.5561,0.5341,0.5268,0.5073,0.461,0.4488,0.4439,0.4171,0.3561,0.3512,0.3439,,287,197,,209,166,1,37,26,1,28,5,,
518995791497187_862014377195325,https://www.facebook.com/VisualizationStudio/videos/862014377195325/,"Our Visualization Studio VIC star, two-time C Awards winner, Joakim Rasmuson is presenting Flying Colors to the world. World, say &quot;Hello Flying Colors!&quot;

Flying Colors 3D coming this Friday, March 20! Like us at facebook.com/FlyingColors3D",Video,,,"11/06/2014 06:08:14 AM"," "," ",4606,0,4606,861,0,861,409,0,409,275,0,275,1912,692,377,258,764,97,324,85,208,67,1,0.6756,0.5791,0.5033,0.4564,0.4122,0.392,0.374,0.3642,0.3604,0.3539,0.3479,0.3375,0.3332,0.3277,0.3255,0.3135,0.3086,0.3037,0.2901,0.2819,0.2803,0.2737,0.2595,0.2486,0.2415,0.2388,0.2366,0.2356,0.2356,0.2246,0.2083,0.2012,0.1848,0.1827,0.1728,0.169,0.1625,0.1592,0.1494,0.1379,1,0.6479,0.546,0.4656,0.4202,0.373,0.3497,0.3313,0.3215,0.319,0.3117,0.3074,0.2969,0.292,0.2883,0.2859,0.2755,0.2748,0.2706,0.2571,0.2472,0.2454,0.2405,0.2282,0.2196,0.2147,0.2117,0.2092,0.208,0.2067,0.1939,0.1828,0.1755,0.1607,0.1601,0.1497,0.1442,0.1399,0.1356,0.1264,0.1178,1,0.8971,0.8431,0.8039,0.7451,0.7255,0.7304,0.7157,0.7059,0.6912,0.6912,0.6716,0.6618,0.6618,0.6422,0.6422,0.6176,0.5784,0.5686,0.5539,0.5588,0.5588,0.5392,0.5098,0.4804,0.4559,0.4559,0.4559,0.4559,0.4657,0.4706,0.4118,0.4069,0.3775,0.3627,0.3578,0.3676,0.3431,0.348,0.3333,0.299,2,240,135,2,186,108,,53,8,,49,6,1,1
518995791497187_840939855969444,https://www.facebook.com/VisualizationStudio/videos/840939855969444/,"Video of Thrust Yourself (previously Space Survival) at ForskarFredag.",Video,,,"09/28/2014 04:41:19 PM"," "," ",289,0,289,27,0,27,18,0,18,18,0,18,106,18,15,15,4,23,1,17,1,17,0.9677,1,1,0.8065,0.8387,0.7742,0.7419,0.7419,0.7419,0.7419,0.7419,0.7097,0.7097,0.7097,0.7097,0.6774,0.6774,0.6774,0.6774,0.6774,0.6774,0.6774,0.6774,0.6774,0.6452,0.6129,0.5806,0.6129,0.5806,,,,,,,,,,,,,1,0.75,0.75,0.75,0.75,0.5,0.5,0.5,0.5,0.5,0.5,0.5,0.5,0.5,0.5,0.25,0.25,0.25,0.25,0.25,0.25,0.25,0.25,0.25,0.25,0.25,0.25,0.5,0.25,,,,,,,,,,,,,0.9286,1,1,0.7857,0.8214,0.7857,0.75,0.75,0.75,0.75,0.75,0.7143,0.7143,0.7143,0.7143,0.7143,0.7143,0.7143,0.7143,0.7143,0.7143,0.7143,0.7143,0.7143,0.6786,0.6429,0.6071,0.6071,0.6071,,,,,,,,,,,,,,23,24,,14,18,,5,1,,4,1,,
518995791497187_840937722636324,https://www.facebook.com/VisualizationStudio/videos/840937722636324/,"Video of Pod Racer at ForskarFredag. Pod Racer is an immersive virtual reality game where the player controls a two-engine pod, as in Star Wars Episode 1, through two haptic controllers. Students used an Oculus Rift and two Novint Falcons.",Video,,,"09/28/2014 04:29:29 PM"," "," ",496,0,496,66,0,66,49,0,49,50,0,50,211,46,37,38,14,52,6,43,7,43,1,0.9756,0.9146,0.8659,0.8537,0.8293,0.7683,0.7683,0.7317,0.6951,0.6829,0.6707,0.6463,,,,,,,,,,,,,,,,,,,,,,,,,,,,,1,0.9,0.9,0.75,0.7,0.65,0.55,0.55,0.45,0.45,0.45,0.4,0.35,,,,,,,,,,,,,,,,,,,,,,,,,,,,,1,1,0.9194,0.9032,0.9032,0.8871,0.8387,0.8387,0.8226,0.7742,0.7581,0.7581,0.7419,,,,,,,,,,,,,,,,,,,,,,,,,,,,,,43,50,,24,35,1,7,2,1,6,2,,
518995791497187_840935925969837,https://www.facebook.com/VisualizationStudio/videos/840935925969837/,"Video of 2Pacs.",Video,,,"09/28/2014 04:21:06 PM"," "," ",264,0,264,33,0,33,26,0,26,27,0,27,114,24,17,18,3,30,0,26,1,26,0.9375,1,0.8125,0.75,0.7292,0.7292,0.7083,0.6875,0.6458,0.625,0.6042,0.5833,0.5833,0.5833,0.5833,0.5833,0.5625,,,,,,,,,,,,,,,,,,,,,,,,,1,1,0.3,0.3,0.3,0.3,0.3,0.3,0.3,0.2,0.2,0.1,0.1,0.1,0.1,0.1,0,,,,,,,,,,,,,,,,,,,,,,,,,0.9211,1,0.9474,0.8684,0.8421,0.8421,0.8158,0.7895,0.7368,0.7368,0.7105,0.7105,0.7105,0.7105,0.7105,0.7105,0.7105,,,,,,,,,,,,,,,,,,,,,,,,,,23,36,,12,23,1,5,1,1,4,1,,
518995791497187_922245971172165,https://www.facebook.com/VisualizationStudio/videos/922245971172165/,"&quot;The future is too important to be left to men.&quot;

https://www.kth.se/utbildning/giants",Video,,,"02/19/2015 03:32:18 AM"," "," ",3683,0,3683,565,0,565,146,0,146,70,0,70,1403,419,129,63,525,40,114,32,49,21,1,0.5997,0.4334,0.3605,0.3045,0.2587,0.229,0.2087,0.1959,0.1942,0.1841,0.1756,0.1705,0.1603,0.1544,0.145,0.1357,0.1281,0.1221,0.1213,0.1179,0.1128,0.1128,0.1077,0.1018,0.0992,0.095,0.0925,0.0899,0.0882,0.0874,0.0814,0.0797,0.0772,0.0755,0.0721,0.0729,0.0704,0.0636,0.0585,0.0577,1,0.5789,0.4078,0.3351,0.2801,0.234,0.203,0.1809,0.1702,0.1684,0.1569,0.1463,0.141,0.1303,0.125,0.117,0.1082,0.1002,0.0949,0.0931,0.0904,0.0869,0.0869,0.0816,0.0754,0.0736,0.0709,0.0683,0.0665,0.0656,0.0647,0.0594,0.0576,0.0559,0.055,0.0532,0.0532,0.0505,0.047,0.0426,0.0426,0.9444,1,0.9444,0.8704,0.7963,0.7593,0.7593,0.7778,0.7222,0.7222,0.7407,0.7778,0.7778,0.7778,0.7593,0.7222,0.7037,0.7037,0.6852,0.7037,0.6852,0.6481,0.6481,0.6481,0.6481,0.6296,0.5926,0.5926,0.5741,0.5556,0.5556,0.537,0.537,0.5185,0.5,0.463,0.4815,0.4815,0.4074,0.3889,0.3704,10,138,69,9,75,53,3,41,5,2,38,5,,
518995791497187_840929672637129,https://www.facebook.com/VisualizationStudio/videos/840929672637129/,"Video of YA3",Video,,,"09/28/2014 04:02:31 PM"," "," ",439,0,439,81,0,81,41,0,41,41,0,41,202,48,34,34,19,62,6,35,6,35,1,0.9604,0.8911,0.8119,0.7723,0.7129,0.6931,0.6832,0.6238,0.6139,0.5842,0.6337,0.5941,0.5248,0.5446,0.5248,0.4653,0.4455,0.4455,0.4158,0.4158,,,,,,,,,,,,,,,,,,,,,1,0.8636,0.7727,0.7727,0.6364,0.6364,0.6364,0.5455,0.5455,0.5,0.4545,0.4545,0.4091,0.3636,0.3182,0.3182,0.3182,0.3182,0.2727,0.2727,0.2727,,,,,,,,,,,,,,,,,,,,,1,0.9873,0.9241,0.8228,0.8101,0.7342,0.7089,0.7215,0.6456,0.6456,0.6203,0.6835,0.6456,0.5696,0.6076,0.5823,0.5063,0.481,0.4937,0.4557,0.4557,,,,,,,,,,,,,,,,,,,,,,37,46,,26,36,1,6,1,1,5,1,,
